team,jersey,first_name,last_name,position,archetype,overall,age,birth_year,height_in,weight_lb,college,dev,speed,acceleration,agility,strength,jumping,stamina,injury_resist,toughness,awareness,play_recognition,discipline,throw_power,throw_acc_short,throw_acc_mid,throw_acc_deep,throw_on_run,throw_under_pressure,break_sack,play_action,scrambling,carrying,ball_security,break_tackle,trucking,elusiveness,juke_move,spin_move,stiff_arm,vision,catching,catch_in_traffic,spectacular_catch,route_short,route_mid,route_deep,release,run_block,pass_block,impact_block,lead_block,run_block_power,run_block_finesse,pass_block_power,pass_block_finesse,power_moves,finesse_moves,block_shedding,pursuit,tackle,hit_power,man_coverage,zone_coverage,press,kick_power,kick_accuracy,punt_power,punt_accuracy
KC,,Zane,Christian,QB,GUNSLINGER,84,25,2001,73,213,Western Michigan,SUPERSTAR,82,82,79,83,85,83,79,84,77,86,80,99,81,76,93,82,86,86,90,86,81,73,30,26,31,36,39,36,33,28,29,22,39,29,32,35,43,40,27,39,40,36,35,43,47,27,29,30,26,20,40,29,30,15,16,20,10
KC,,Sterling,Tate,QB,POCKET_PASSER,68,26,2000,72,197,Wyoming,QUICK,63,76,75,70,60,66,72,61,67,67,67,79,71,74,74,54,64,62,64,57,67,59,38,30,44,45,27,45,31,31,30,24,27,31,36,41,33,41,36,33,40,42,35,34,27,32,20,27,34,35,36,32,40,12,11,1,9
KC,,Clay,Bond,QB,FIELD_GENERAL,59,28,1998,76,233,West Virginia,QUICK,50,59,56,61,67,58,55,53,65,72,66,44,68,56,56,51,56,50,64,44,55,51,32,34,33,46,37,28,26,25,33,32,35,41,31,29,29,44,33,38,36,37,38,35,35,28,32,30,30,29,40,33,40,9,11,8,5
KC,,Jayden,Fisher,RB,ELUSIVE,79,23,2003,73,226,Tennessee,NORMAL,81,80,86,72,76,77,77,78,73,76,78,30,37,39,29,32,25,36,24,29,69,81,84,62,93,31,41,36,71,71,67,22,66,76,24,72,71,76,32,77,34,31,34,31,33,30,37,45,22,35,41,30,27,6,18,20,13
KC,,Jace,Terry,RB,WORKHORSE,67,24,2002,70,202,Penn State,SLOW,58,60,62,69,69,75,67,65,72,61,68,32,30,41,47,30,43,47,39,28,82,61,77,72,63,32,34,34,70,68,56,29,66,51,32,58,50,74,29,54,32,28,35,41,31,35,36,31,41,35,46,34,29,10,12,1,10
KC,,Jace,Miles,RB,ELUSIVE,68,21,2005,68,203,Florida Atlantic,QUICK,71,64,73,68,70,64,65,72,65,69,76,23,31,35,27,18,43,37,41,47,67,67,60,56,84,37,40,37,63,71,56,39,54,54,23,49,52,73,29,53,32,27,28,35,16,32,32,38,34,25,37,36,28,10,17,13,14
KC,,Franklin,Dean,RB,WORKHORSE,64,24,2002,72,223,Washington State,SUPERSTAR,55,59,66,64,66,76,61,57,60,61,67,32,39,31,36,38,39,23,37,36,70,69,70,59,61,35,34,38,66,66,57,30,59,43,32,46,49,64,27,48,30,35,29,30,25,32,25,32,40,36,27,26,36,14,6,14,8
KC,,Kobe,Chandler,FB,POWER_BACK,64,24,2002,72,237,Youngstown State,NORMAL,59,57,62,74,66,67,58,62,62,59,66,31,37,36,31,27,39,33,42,26,68,39,72,33,32,41,36,35,38,56,49,25,55,58,36,54,60,35,64,62,27,39,21,34,27,36,37,33,33,44,33,41,31,15,16,6,16
KC,,Percy,Bond,WR,YAC_RECEIVER,82,26,2000,71,180,Colorado State,QUICK,85,84,82,77,76,80,79,82,83,75,84,36,29,26,23,30,35,35,28,28,68,30,84,33,87,32,34,38,33,77,85,71,93,77,84,81,72,37,32,42,31,42,30,24,23,30,26,17,40,41,34,36,42,5,11,13,12
KC,,Nehemiah,Cummings,WR,X_CONTESTED,79,22,2004,73,204,Louisiana Tech,NORMAL,69,82,89,88,85,75,78,83,83,83,83,28,41,38,31,40,39,40,23,25,68,34,71,35,60,40,41,30,39,75,81,90,74,73,86,81,66,29,26,37,32,33,31,35,37,42,39,39,34,39,43,38,31,1,8,8,12
KC,,Vincent,Mann,WR,SLOT,78,21,2005,74,199,Hawaii,SLOW,74,76,91,77,64,81,79,80,76,78,83,36,39,28,34,38,35,35,33,44,55,31,64,33,50,41,45,35,29,75,79,76,95,79,65,85,64,32,34,32,40,34,30,34,28,40,32,35,33,41,32,33,36,16,19,1,27
KC,,Kobe,Rush,WR,X_CONTESTED,67,25,2001,75,226,Pittsburgh,NORMAL,60,64,67,69,80,72,66,66,75,64,68,23,38,41,35,34,39,30,37,37,45,34,48,28,54,33,28,28,35,63,77,77,66,62,67,73,55,30,36,32,46,26,35,37,43,43,28,28,29,24,31,42,43,13,11,11,5
KC,,Felix,Rivera,WR,X_CONTESTED,62,29,1997,71,185,Wake Forest,NORMAL,58,67,60,64,64,54,59,63,55,55,69,33,27,33,40,28,34,26,28,45,42,21,45,35,40,30,28,38,26,63,75,84,66,54,52,61,50,31,28,40,31,38,37,38,36,29,32,20,33,36,30,28,32,1,14,17,22
KC,,Ethan,Owens,WR,DEEP_THREAT,56,22,2004,73,198,Washington State,QUICK,65,64,58,49,48,53,56,49,61,57,56,33,46,32,35,33,25,44,36,40,46,39,37,27,38,35,37,28,34,54,44,57,41,57,70,53,42,31,39,47,23,41,32,37,37,28,38,45,28,36,40,33,36,16,14,11,23
KC,,Brock,Farmer,TE,INLINE_BLOCKER,76,33,1993,78,257,Duke,NORMAL,71,77,79,87,68,68,72,73,78,80,75,35,30,33,32,41,43,31,27,41,24,31,34,29,49,32,41,40,34,64,73,68,78,68,67,73,82,76,85,65,43,33,67,37,28,31,23,33,39,34,29,46,40,10,15,7,10
KC,,Avery,Lloyd,TE,MOVE_TE,76,28,1998,79,256,Ohio,SLOW,84,84,73,68,70,68,80,77,75,68,68,48,28,37,41,29,34,34,24,35,39,25,43,27,27,31,29,36,29,76,70,72,83,71,60,70,81,66,82,63,33,28,55,38,34,34,31,35,42,39,38,32,32,1,11,12,8
KC,,Hendrix,Smart,TE,RECEIVING_TE,69,26,2000,79,258,Arizona,NORMAL,59,72,75,64,63,66,61,74,65,65,75,35,43,35,40,40,43,28,36,46,34,31,37,21,36,33,42,39,45,85,78,61,64,77,66,67,60,72,56,58,32,33,56,30,31,41,27,33,31,34,33,32,38,8,8,10,16
KC,,Dalton,Taylor,LT,POWER_MAULER,82,29,1997,79,305,Pittsburgh,NORMAL,82,66,61,93,89,83,85,90,89,88,95,33,32,33,39,38,36,21,45,42,32,44,36,37,33,23,25,32,32,34,31,53,32,41,31,24,90,76,29,30,99,73,75,85,35,26,37,36,37,32,25,38,34,10,20,6,9
KC,,Jermaine,Chambers,LT,PASS_PROTECTOR,63,25,2001,76,296,Wyoming,NORMAL,65,65,65,59,62,58,70,53,69,58,63,49,42,40,27,33,34,33,39,30,23,38,27,34,27,31,31,38,41,32,30,39,27,32,34,21,54,69,37,32,51,55,75,64,33,27,30,25,34,42,26,44,30,7,12,4,3
KC,,Cole,Sampson,LG,ZONE_BLOCKER,80,26,2000,78,331,Auburn,SLOW,82,88,89,76,82,84,80,76,89,76,81,37,29,33,29,31,34,43,35,30,34,27,26,47,30,32,33,36,37,38,36,33,30,30,34,47,81,77,87,33,74,84,75,76,36,31,41,38,40,39,39,39,31,13,9,5,18
KC,,Dallas,Owens,LG,ZONE_BLOCKER,65,28,1998,78,342,TCU,SLOW,70,75,72,56,60,68,57,63,68,64,62,38,32,33,37,22,30,33,36,36,32,33,41,39,40,45,42,30,28,23,40,33,34,35,36,39,61,73,66,37,57,75,61,53,35,40,26,24,29,36,28,31,25,5,10,1,27
KC,,Kolton,Lowe,C,ATHLETIC_PULLING,80,30,1996,74,292,LSU,QUICK,92,91,99,73,75,89,84,79,84,72,85,33,32,37,31,44,24,40,36,39,36,43,36,47,39,28,25,39,31,37,40,48,37,31,32,27,79,74,89,35,85,86,79,72,33,36,31,32,34,34,44,30,34,13,13,10,19
KC,,Jarrett,Horton,RG,ATHLETIC_PULLING,81,27,1999,75,303,Northwestern,NORMAL,91,92,92,75,80,79,88,83,83,80,87,44,36,48,34,40,48,24,25,29,36,32,34,28,38,36,29,34,33,28,29,29,38,25,39,33,82,81,88,33,83,82,73,76,27,44,35,45,39,32,43,35,35,6,19,11,9
KC,,Jarrett,Banks,RG,POWER_MAULER,63,28,1998,74,288,Arizona,QUICK,57,60,47,70,59,62,64,68,61,62,57,34,34,43,31,33,28,26,47,43,48,29,30,29,30,36,34,30,24,41,46,27,31,38,34,45,59,61,67,37,77,60,62,51,50,43,31,33,34,36,28,37,36,11,21,10,14
KC,,Justice,Decker,RT,ATHLETIC_PULLING,80,24,2002,77,292,Marshall,NORMAL,96,89,93,66,82,91,88,75,84,76,78,35,39,37,34,32,24,41,29,40,28,30,28,33,30,38,38,39,45,37,35,35,35,30,31,25,77,79,31,32,88,85,76,81,40,37,33,40,42,43,41,40,39,14,5,7,5
KC,,Levi,Duncan,RT,ATHLETIC_PULLING,65,25,2001,78,304,Auburn,SLOW,73,74,77,63,71,60,66,70,62,65,67,34,42,31,43,30,35,28,36,34,35,34,27,39,37,44,33,39,31,39,29,41,31,46,31,44,63,68,35,33,69,66,55,61,22,34,41,27,28,46,42,36,32,16,20,17,18
KC,,Jameson,Ledbetter,EDGE,RUN_STOPPING_EDGE,84,28,1998,76,259,North Carolina A&T,SLOW,78,83,81,96,83,80,85,83,77,91,79,42,39,31,41,35,32,39,44,38,43,33,25,33,30,30,43,33,33,27,32,31,32,40,34,33,35,29,20,42,35,31,27,39,84,73,99,80,86,74,70,77,37,11,18,18,5
KC,,Lucas,Rivera,EDGE,RUN_STOPPING_EDGE,76,25,2001,79,283,TCU,NORMAL,67,78,74,77,81,72,79,80,76,75,77,39,35,34,36,30,47,46,40,36,24,21,38,40,27,29,31,39,39,35,41,29,25,45,31,42,27,32,37,48,30,28,42,26,78,66,88,77,78,68,57,61,33,21,18,18,1
KC,,Eli,Snyder,EDGE,COVERAGE_OLB,73,21,2005,74,251,Nevada,NORMAL,84,79,79,64,75,79,78,72,74,77,74,34,45,44,34,36,33,39,30,31,31,29,39,19,34,37,37,31,19,26,33,42,29,25,29,27,24,42,35,42,39,35,35,33,63,78,65,76,72,61,72,73,31,23,17,1,10
KC,,Donovan,Buckley,EDGE,SPEED_RUSHER,65,27,1999,77,255,UCLA,NORMAL,72,72,69,40,61,66,61,62,63,57,64,31,33,33,41,40,37,28,32,35,41,35,37,40,33,32,33,20,37,46,38,34,40,32,47,31,23,28,25,47,29,45,39,33,51,86,64,65,59,47,59,52,32,11,15,4,9
KC,,Brock,Craig,EDGE,POWER_RUSHER,55,23,2003,75,246,South Alabama,QUICK,42,65,40,56,59,58,51,55,58,56,49,36,35,30,39,30,34,31,38,25,31,37,30,35,37,34,42,19,24,36,32,30,26,45,35,35,36,28,39,39,32,50,32,28,65,46,61,54,55,40,43,35,38,18,12,13,12
KC,,Blake,Parker,DT,INTERIOR_RUSHER,81,28,1998,73,308,Appalachian State,NORMAL,75,95,89,77,75,89,76,79,83,76,81,44,24,45,34,28,37,19,35,34,31,31,25,34,30,27,40,35,36,41,37,22,30,42,33,23,23,41,32,34,39,28,24,29,93,85,75,87,71,62,33,37,35,14,17,11,6
KC,,Marquise,Summers,DT,NOSE_1TECH,79,24,2002,73,307,Syracuse,SLOW,70,67,85,90,78,80,81,76,82,72,72,25,26,41,29,35,39,34,26,33,31,30,44,33,41,38,46,36,33,33,41,38,37,30,36,34,49,27,36,38,38,34,42,38,78,67,88,73,80,67,22,25,37,24,15,14,7
KC,,Franklin,Armstrong,DT,NOSE_1TECH,69,29,1997,74,291,Youngstown State,SLOW,59,55,63,81,72,76,64,67,63,65,67,47,31,31,20,37,45,36,25,35,40,39,33,35,33,32,26,35,33,31,41,34,36,30,31,36,30,39,41,27,44,38,28,37,69,55,74,59,72,52,24,33,25,17,25,1,11
KC,,Jared,Carr,DT,TWO_GAP_5TECH,59,24,2002,75,305,Middle Tennessee,NORMAL,50,53,59,73,54,55,55,53,60,63,57,40,34,26,32,35,22,32,31,32,39,38,37,30,27,35,43,40,30,31,32,37,39,31,33,47,44,25,17,28,33,24,32,32,45,32,66,58,68,48,34,34,35,35,25,7,1
KC,,Cameron,Reynolds,LB,THUMPER,85,27,1999,76,262,Tulane,SLOW,81,83,83,91,86,84,76,93,89,78,88,27,40,42,26,30,31,32,38,29,38,40,33,46,22,39,27,36,26,24,46,24,44,34,38,30,43,32,42,35,23,37,31,40,62,73,86,94,95,99,77,68,75,10,13,16,17
KC,,Eli,Hobbs,LB,FIELD_GENERAL_MLB,74,29,1997,75,244,UNLV,NORMAL,71,65,72,75,70,67,64,69,82,88,76,33,32,29,42,28,32,36,33,29,27,30,33,37,30,34,28,32,38,33,37,42,34,36,38,35,40,37,29,35,35,34,39,30,60,59,69,70,78,69,55,70,56,3,12,8,5
KC,,Anthony,Weaver,LB,COVERAGE_LB,74,24,2002,73,230,Virginia,SLOW,86,63,75,69,74,73,78,72,74,72,69,32,26,37,37,33,26,21,30,40,25,28,35,34,36,38,43,35,25,28,31,31,34,32,43,46,31,37,26,45,32,26,30,32,58,70,65,67,66,64,87,91,55,13,14,2,13
KC,,Duke,Reeves,LB,BLITZING_LB,62,27,1999,74,232,Troy,QUICK,60,71,61,55,58,60,62,63,58,61,50,29,30,33,34,42,27,30,35,29,24,36,42,35,42,31,31,29,38,42,39,34,31,30,26,36,31,25,27,36,35,39,39,46,61,63,65,71,58,63,53,62,54,11,1,20,15
KC,,Hunter,Humphrey,LB,FIELD_GENERAL_MLB,58,23,2003,75,257,Sam Houston State,QUICK,60,53,64,55,55,51,63,54,68,65,58,34,40,45,33,36,30,28,28,33,36,24,34,34,38,20,33,40,35,29,43,35,40,37,34,33,33,31,41,37,28,26,37,41,44,52,47,64,59,56,43,56,48,15,20,6,10
KC,,Silas,Sweeney,LB,THUMPER,59,22,2004,72,222,Clemson,NORMAL,61,54,54,72,52,60,58,54,59,58,58,30,22,37,23,41,26,30,27,41,25,30,41,34,28,24,34,29,30,34,38,42,38,30,27,25,49,37,35,37,49,30,33,31,45,46,72,53,72,67,49,44,44,14,18,15,12
KC,,Ryder,Berry,CB,BALLHAWK,80,30,1996,70,180,Middle Tennessee,SLOW,84,79,79,77,79,82,83,85,88,84,82,28,39,30,42,28,39,38,33,35,37,28,34,25,28,36,30,41,50,91,40,66,33,33,28,27,37,31,36,40,37,36,39,38,42,38,34,71,70,77,68,91,75,15,14,21,10
KC,,Cameron,Ryan,CB,BALLHAWK,80,27,1999,69,182,Minnesota,NORMAL,74,78,76,72,79,83,85,86,86,94,87,30,35,31,34,42,42,32,44,45,35,48,27,39,35,39,22,30,32,99,28,56,33,38,30,42,28,29,29,28,33,35,48,36,30,31,38,73,73,70,70,95,72,13,6,20,17
KC,,Gerald,Cox,CB,BALLHAWK,77,24,2002,73,209,Nevada,QUICK,72,77,76,74,88,80,69,78,72,75,82,30,31,40,36,39,32,41,17,31,43,24,32,38,31,34,43,33,29,92,27,63,32,35,33,42,41,34,38,38,37,32,35,34,32,42,44,55,70,51,70,94,70,3,5,6,11
KC,,Devonte,Matthews,CB,BALLHAWK,64,21,2005,73,191,Oregon State,NORMAL,62,65,56,59,62,61,65,57,62,69,63,18,23,33,26,29,26,28,35,28,39,51,35,41,31,34,28,33,37,79,36,49,32,34,39,30,34,35,26,35,32,29,30,43,32,30,36,50,57,49,61,73,52,10,4,17,7
KC,,Colin,Mays,CB,BALLHAWK,59,25,2001,74,215,Virginia Tech,SUPERSTAR,52,62,60,59,72,59,60,62,57,61,56,38,29,41,35,39,38,35,47,32,41,26,29,36,30,40,36,28,39,72,37,35,25,31,38,30,35,34,41,40,34,29,39,39,33,23,31,54,45,32,60,69,41,15,12,20,21
KC,,Avery,Sweeney,S,HYBRID_NICKEL,85,32,1994,73,195,Pittsburgh,NORMAL,90,77,99,80,84,81,88,82,78,74,84,39,33,40,36,31,33,25,20,36,38,29,44,40,37,34,40,37,32,83,32,74,34,35,39,28,34,38,44,37,36,23,40,42,41,29,75,89,83,79,94,94,66,16,10,27,14
KC,,Micah,Franklin,S,BOX_SAFETY,69,23,2003,73,204,Tulane,NORMAL,63,65,69,65,70,67,59,65,72,79,69,34,40,37,48,15,22,21,40,19,34,43,41,39,34,32,30,36,42,72,31,54,27,32,41,31,38,36,39,33,32,37,34,33,39,33,63,72,79,86,59,54,61,20,15,14,12
KC,,Ezekiel,Odom,S,BOX_SAFETY,66,27,1999,72,213,San Diego State,NORMAL,69,66,51,82,63,73,70,68,67,77,67,34,39,32,37,37,43,37,34,25,34,45,22,40,22,40,35,32,32,73,33,54,27,27,34,40,25,33,26,41,42,43,26,32,34,34,67,67,79,82,49,47,60,13,13,4,19
KC,,Amari,Rodgers,S,HYBRID_NICKEL,57,21,2005,72,218,Western Michigan,NORMAL,49,62,69,45,63,61,61,62,58,57,57,42,43,29,22,37,34,39,31,29,27,38,30,35,34,34,33,31,32,53,26,44,37,38,34,41,29,32,37,36,38,25,41,32,37,40,35,58,54,44,69,64,44,22,9,14,11
KC,,Jermaine,Copeland,K,SPECIALIST,75,33,1993,74,199,Louisville,SLOW,82,77,70,77,75,76,75,72,78,76,72,55,53,44,45,43,43,46,41,47,44,48,38,50,31,50,43,38,44,39,39,48,33,37,32,49,52,45,31,44,44,46,34,43,33,43,42,46,40,46,37,47,48,77,72,45,34
KC,,Tyler,Hancock,P,SPECIALIST,74,25,2001,75,199,Iowa,NORMAL,79,78,68,74,77,81,73,78,70,73,69,42,50,41,44,40,47,44,44,41,44,56,30,52,41,37,43,44,41,45,36,39,37,52,37,44,41,42,42,38,37,47,42,51,50,35,48,21,37,31,42,44,33,37,22,73,75
KC,,Gerald,Roy,LS,SPECIALIST,67,28,1998,75,238,East Carolina,SLOW,67,60,66,67,63,71,67,71,76,61,66,49,46,48,24,47,45,46,45,37,36,37,49,33,47,41,42,34,31,41,43,37,41,36,37,31,54,46,42,41,39,50,39,50,37,37,42,44,54,50,58,38,42,32,34,29,36